{"Reconstruction-Loss":0.5004923343658447,"VQ_Loss":0.031734686344861984,"Epoch":0,"_timestamp":1.7541856219782867e+09,"_wandb":{"runtime":709},"_runtime":709,"_step":2,"Total-Loss":0.5322270393371582}