{"_runtime":762,"_timestamp":1.7541834612577055e+09,"_step":0,"Total-Loss":0.5434874892234802,"Reconstruction-Loss":0.39492619037628174,"VQ_Loss":0.1485612839460373,"Epoch":0,"_wandb":{"runtime":762}}