{"_step":0,"Total-Loss":0.7255240082740784,"Reconstruction-Loss":0.5670562386512756,"VQ_Loss":0.15846776962280273,"_wandb":{"runtime":573},"_runtime":573,"Epoch":0,"_timestamp":1.754184533905488e+09}